{"center": [-73.99255691219511, 40.734464368292684], "path_coordinates": [[-74.0054267, 40.7278806], [-74.003155, 40.727664], [-74.0030836, 40.7278344], [-74.0029837, 40.728031], [-74.0021941, 40.7279821], [-74.0014475, 40.7276134], [-74.0013494, 40.7277355], [-74.0004308, 40.7288005], [-73.9993655, 40.7300598], [-73.998842, 40.730669], [-73.9980696, 40.7302877], [-73.9973576, 40.7299438], [-73.9965691, 40.7295629], [-73.996063, 40.730155], [-73.9955715, 40.7307232], [-73.9947861, 40.7316], [-73.994297, 40.732165], [-73.993814, 40.732731], [-73.993322, 40.733304], [-73.992792, 40.733922], [-73.992266, 40.734532], [-73.9916914, 40.7352048], [-73.9907171, 40.7347938], [-73.9898997, 40.7344472], [-73.9898332, 40.7353127], [-73.9893654, 40.7359491], [-73.9889418, 40.7365253], [-73.9885174, 40.7371225], [-73.9880935, 40.7377054], [-73.9876671, 40.7382917], [-73.9872452, 40.7388718], [-73.9867925, 40.7394943], [-73.9863046, 40.7401651], [-73.9858246, 40.7408251], [-73.9853785, 40.7414386], [-73.9849234, 40.7420643], [-73.984473, 40.7426835], [-73.9840243, 40.7433005], [-73.9824628, 40.7426439], [-73.9808564, 40.7419683], [-73.9786353, 40.7410343]]}