{"path_coordinates": [[-73.999956, 40.718017], [-73.9994292, 40.7186723], [-73.999234, 40.718913], [-73.999841, 40.719193], [-74.000622, 40.719552], [-73.999868, 40.7204322], [-73.999031, 40.721421], [-73.9979746, 40.7226691], [-73.996952, 40.72388], [-73.996301, 40.724662], [-73.9959027, 40.7251608], [-73.9958121, 40.7252743], [-73.9950576, 40.7261336], [-73.994648, 40.7259345], [-73.994129, 40.72664], [-73.99364, 40.727289], [-73.993147, 40.727867], [-73.9914198, 40.7298614], [-73.9910688, 40.730045], [-73.990646, 40.730615], [-73.9904097, 40.7310019], [-73.9903509, 40.7312807], [-73.9902032, 40.7319645], [-73.990027, 40.732756], [-73.989868, 40.733528], [-73.9898997, 40.7344472], [-73.9898332, 40.7353127], [-73.9893654, 40.7359491], [-73.9889418, 40.7365253], [-73.9885174, 40.7371225], [-73.9880935, 40.7377054], [-73.9876671, 40.7382917], [-73.9872452, 40.7388718], [-73.9867925, 40.7394943], [-73.9863046, 40.7401651], [-73.9858246, 40.7408251], [-73.9853785, 40.7414386], [-73.9849234, 40.7420643], [-73.984473, 40.7426835], [-73.9840243, 40.7433005], [-73.9835731, 40.7439209], [-73.9831267, 40.7445346], [-73.9826751, 40.7451555], [-73.9822164, 40.7457862], [-73.980654, 40.7451327], [-73.9790461, 40.7444443]], "center": [-73.99074161304347, 40.7325203173913]}