{"safest_center": [-73.95979365, 40.79838585], "safest_path_coordinates": [[-73.96004, 40.7980472], [-73.9595473, 40.7987245]], "shortest_path_coordinates": [[-73.96004, 40.7980472], [-73.9595473, 40.7987245]], "shortest_center": [-73.95979365, 40.79838585]}