{"safest_center": [-74.003080765, 40.736304772500006], "safest_path_coordinates": [[-74.003155, 40.727664], [-74.0030836, 40.7278344], [-74.0029837, 40.728031], [-74.0028304, 40.7283606], [-74.0027912, 40.7284512], [-74.003657, 40.729344], [-74.0039573, 40.7298634], [-74.004303, 40.730447], [-74.00446, 40.730719], [-74.0046246, 40.7310034], [-74.0049377, 40.7315444], [-74.0051065, 40.7318361], [-74.005461, 40.7324485], [-74.0058581, 40.7331346], [-74.0063829, 40.733055], [-74.0062792, 40.733743], [-74.0061609, 40.734439], [-74.0060475, 40.735133], [-74.0059318, 40.735846], [-74.0058168, 40.7365314], [-74.0055186, 40.7368919], [-74.0047793, 40.7375429], [-74.0041378, 40.7381289], [-74.0038576, 40.7383899], [-74.0037131, 40.7385088], [-74.0035483, 40.7387553], [-74.0030465, 40.7390619], [-74.0027728, 40.7393657], [-74.0024906, 40.7397447], [-74.0019879, 40.7404441], [-74.001555, 40.74108], [-74.001129, 40.741668], [-74.000703, 40.742254], [-74.000275, 40.742839], [-73.9998517, 40.7434266], [-73.9994196, 40.7440088], [-73.998972, 40.74463], [-73.9984851, 40.7452952], [-73.998, 40.7459612], [-73.9951595, 40.744765]], "shortest_path_coordinates": [[-74.003155, 40.727664], [-74.0030836, 40.7278344], [-74.0029837, 40.728031], [-74.0028304, 40.7283606], [-74.0027912, 40.7284512], [-74.0021986, 40.7296932], [-74.001684, 40.730581], [-74.001413, 40.731065], [-74.000954, 40.731706], [-74.000511, 40.732315], [-74.000066, 40.732929], [-73.9995234, 40.7336634], [-73.999188, 40.734134], [-73.998714, 40.734784], [-73.998274, 40.735391], [-73.997805, 40.736032], [-73.997341, 40.736668], [-73.99684, 40.737361], [-73.996337, 40.738044], [-73.995874, 40.738686], [-73.995446, 40.739272], [-73.995018, 40.73986], [-73.994593, 40.740442], [-73.994165, 40.741031], [-73.993739, 40.741617], [-73.993292, 40.742233], [-73.992805, 40.742901], [-73.9923179, 40.7435682], [-73.991871, 40.744186], [-73.994709, 40.745383], [-73.9951595, 40.744765]], "shortest_center": [-73.99789297741937, 40.7360855483871]}