{"safest_path_coordinates": [[-73.9984931, 40.7134518], [-73.9986438, 40.7135233], [-73.999538, 40.7139472], [-73.9995926, 40.7144649], [-73.9993214, 40.7159173], [-73.9985861, 40.7171185], [-73.9979382, 40.7181633], [-73.997303, 40.719324], [-73.9968212, 40.7204864], [-73.9965747, 40.7211736], [-73.9962656, 40.7219524], [-73.9957075, 40.7233679], [-73.996476, 40.723686]], "safest_center": [-73.99778932307692, 40.7181982], "shortest_path_coordinates": [[-73.9984931, 40.7134518], [-73.9986438, 40.7135233], [-73.999538, 40.7139472], [-73.9995926, 40.7144649], [-73.9993214, 40.7159173], [-73.9985861, 40.7171185], [-73.9979382, 40.7181633], [-73.997303, 40.719324], [-73.9968212, 40.7204864], [-73.9965747, 40.7211736], [-73.9962656, 40.7219524], [-73.9957075, 40.7233679], [-73.996476, 40.723686]], "shortest_center": [-73.99778932307692, 40.7181982]}